City_ID,City,Country,Lat,Lng,Max Temp,Humidity,Cloudiness,Wind Speed,Current Description
0,Jalu,LY,29.0331,21.5482,61.25,21,3,10.18,clear sky
1,Akureyri,IS,65.6835,-18.0878,33.8,80,75,6.91,broken clouds
2,East London,ZA,-33.0153,27.9116,70.84,85,100,3.13,overcast clouds
3,Busselton,AU,-33.65,115.3333,61.0,99,100,1.01,overcast clouds
4,Hilo,US,19.7297,-155.09,80.6,47,1,10.36,clear sky
5,Abu Dhabi,AE,24.4667,54.3667,86.0,26,0,4.61,clear sky
6,Rikitea,PF,-23.1203,-134.9692,78.3,74,7,8.19,light rain
7,Pevek,RU,69.7008,170.3133,-15.29,100,100,5.28,overcast clouds
8,Turukhansk,RU,65.8167,87.9833,21.94,84,100,12.15,overcast clouds
9,Butaritari,KI,3.0707,172.7902,81.19,77,31,9.51,scattered clouds
10,Qaanaaq,GL,77.484,-69.3632,23.13,93,100,11.88,snow
11,Port Alfred,ZA,-33.5906,26.891,66.16,91,83,3.69,broken clouds
12,Chokurdakh,RU,70.6333,147.9167,-9.63,94,50,10.47,scattered clouds
13,Fairbanks,US,64.8378,-147.7164,28.99,33,1,9.22,clear sky
14,New Norfolk,AU,-42.7826,147.0587,48.99,80,100,1.92,overcast clouds
15,Avarua,CK,-21.2078,-159.775,82.4,78,35,4.61,moderate rain
16,Vaini,TO,-21.2,-175.2,80.6,69,20,5.75,few clouds
17,Bluff,NZ,-46.6,168.3333,51.01,98,31,3.0,moderate rain
18,Sitka,US,57.0531,-135.33,39.2,70,90,3.31,light snow
19,Acapulco,MX,16.8634,-99.8901,84.2,65,1,13.8,clear sky
20,Atar,MR,20.5169,-13.0499,82.09,18,1,10.31,clear sky
21,Albany,US,42.6001,-73.9662,62.6,59,90,8.05,overcast clouds
22,Jamestown,US,42.097,-79.2353,64.4,52,40,4.61,scattered clouds
23,Saldanha,ZA,-33.0117,17.9442,62.6,82,100,3.44,overcast clouds
24,Cherskiy,RU,68.75,161.3,-14.69,95,98,4.21,overcast clouds
25,Ponta Do Sol,PT,32.6667,-17.1,63.0,80,100,1.99,overcast clouds
26,Claresholm,CA,50.0333,-113.5852,41.0,28,14,4.61,few clouds
27,Upernavik,GL,72.7868,-56.1549,31.05,73,100,20.83,overcast clouds
28,Hermanus,ZA,-34.4187,19.2345,66.0,79,100,5.01,overcast clouds
29,Vilcun,CL,-38.65,-72.2333,68.0,64,0,8.05,clear sky
30,Cap Malheureux,MU,-19.9842,57.6142,79.0,81,97,5.01,light rain
31,Vardo,NO,70.3705,31.1107,32.0,80,75,23.02,broken clouds
32,Kapaa,US,22.0752,-159.319,75.0,68,90,9.22,light rain
33,Nikolskoye,RU,59.7035,30.7861,43.0,49,0,6.71,light rain
34,Manono,CD,-7.3,27.4167,68.81,96,100,4.18,light rain
35,Yellowknife,CA,62.456,-114.3525,10.0,66,90,5.75,light snow
36,Arraial Do Cabo,BR,-22.9661,-42.0278,78.8,78,0,9.22,clear sky
37,Chaoyang,CN,41.5703,120.4586,45.14,74,62,6.35,broken clouds
38,Bima,ID,-8.4667,118.7167,75.58,92,22,3.27,few clouds
39,Kodiak,US,57.79,-152.4072,39.2,87,90,17.27,moderate rain
40,Yamada,JP,39.4667,141.95,48.96,66,3,5.59,clear sky
41,Broken Hill,AU,-31.95,141.4333,42.8,70,15,4.61,few clouds
42,Ushuaia,AR,-54.8,-68.3,50.0,53,75,13.8,broken clouds
43,Norman Wells,CA,65.282,-126.8329,5.0,43,1,12.66,clear sky
44,Cape Town,ZA,-33.9258,18.4232,66.0,94,0,12.66,clear sky
45,Mataura,NZ,-46.1927,168.8643,51.01,98,86,3.0,overcast clouds
46,Clyde River,CA,70.4692,-68.5914,30.2,74,40,8.05,scattered clouds
47,General Pico,AR,-35.6566,-63.7568,62.62,55,0,3.36,clear sky
48,Valentin Gomez Farias,MX,28.2167,-106.5833,73.0,13,74,1.99,broken clouds
49,Glenwood Springs,US,39.5505,-107.3248,69.8,26,21,13.8,few clouds
50,Henties Bay,NA,-22.116,14.2845,76.44,49,1,7.74,clear sky
51,Nuuk,GL,64.1835,-51.7216,33.8,80,40,13.8,scattered clouds
52,Atuona,PF,-9.8,-139.0333,80.56,78,17,17.67,few clouds
53,Puerto Escondido,MX,15.85,-97.0667,86.0,74,20,5.75,few clouds
54,Nanortalik,GL,60.1432,-45.2371,36.19,63,0,5.14,clear sky
55,Peleduy,RU,59.6289,112.7406,-9.54,100,76,2.06,broken clouds
56,Mar Del Plata,AR,-38.0023,-57.5575,66.2,63,20,6.91,few clouds
57,Saint-Gabriel,CA,46.3001,-73.3824,57.0,38,97,4.0,overcast clouds
58,Brownwood,US,31.7093,-98.9912,87.8,16,1,14.97,clear sky
59,Hobart,AU,-42.8794,147.3294,48.99,81,75,11.5,broken clouds
60,Kruisfontein,ZA,-34.0033,24.7314,59.0,86,78,2.71,broken clouds
61,Hambantota,LK,6.1241,81.1185,77.97,82,93,2.3,overcast clouds
62,Cidreira,BR,-30.1811,-50.2056,82.53,57,85,9.44,overcast clouds
63,Faanui,PF,-16.4833,-151.75,82.42,70,100,10.78,overcast clouds
64,Virginia Beach,US,36.8529,-75.978,79.0,52,92,5.99,overcast clouds
65,Xuddur,SO,4.1213,43.8894,76.64,68,93,16.93,overcast clouds
66,Ahar,IR,38.4774,47.0699,46.47,55,0,3.06,clear sky
67,Asosa,ET,10.0667,34.5333,77.9,28,98,1.36,overcast clouds
68,Zhigansk,RU,66.7697,123.3711,-2.34,97,35,11.92,scattered clouds
69,Lebu,CL,-37.6167,-73.65,58.26,82,0,12.84,clear sky
70,Matara,LK,5.9485,80.5353,76.41,88,82,2.39,broken clouds
71,Walvis Bay,NA,-22.9575,14.5053,85.3,28,6,9.4,clear sky
72,Flinders,AU,-34.5833,150.8552,51.01,53,0,9.22,clear sky
73,Bredasdorp,ZA,-34.5322,20.0403,57.2,94,100,3.44,overcast clouds
74,Sungaipenuh,ID,-2.0833,101.3833,64.35,94,100,0.87,overcast clouds
75,Macusani,PE,-14.0833,-70.4333,41.56,80,84,6.26,broken clouds
76,Okha,RU,53.5739,142.9478,22.57,85,97,13.89,overcast clouds
77,Atambua,ID,-9.1061,124.8925,71.4,82,56,3.24,broken clouds
78,Tasiilaq,GL,65.6145,-37.6368,28.4,64,0,2.3,clear sky
79,Khatanga,RU,71.9667,102.5,16.11,84,98,11.25,overcast clouds
80,Verkhnevilyuysk,RU,63.4453,120.3167,-2.06,99,81,4.99,broken clouds
81,Puerto Ayora,EC,-0.7393,-90.3518,80.6,74,40,9.22,scattered clouds
82,Kharitonovo,RU,61.4009,47.4978,35.13,83,1,8.52,clear sky
83,Tonantins,BR,-2.8731,-67.8022,77.52,84,87,2.8,overcast clouds
84,Souillac,MU,-20.5167,57.5167,77.0,94,75,4.61,broken clouds
85,Hasaki,JP,35.7333,140.8333,46.4,93,20,4.61,few clouds
86,Ilulissat,GL,69.2167,-51.1,32.0,55,75,2.3,light snow
87,Yulara,AU,-25.2406,130.9889,57.2,54,7,10.36,clear sky
88,Vorozhba,UA,51.1733,34.2192,43.93,67,100,6.93,overcast clouds
89,Drovyanaya,RU,51.5833,113.0333,15.8,41,97,8.95,overcast clouds
90,Port-Cartier,CA,50.0334,-66.8654,55.4,58,75,4.61,broken clouds
91,Pudozh,RU,61.8099,36.5345,28.51,93,80,4.16,broken clouds
92,Kurilsk,RU,45.2333,147.8833,40.87,57,45,7.67,scattered clouds
93,Saint-Philippe,RE,-21.3585,55.7679,77.0,73,0,5.75,clear sky
94,Balykshi,KZ,47.0667,51.8667,60.8,31,0,17.9,clear sky
95,Dunedin,NZ,-45.8742,170.5036,57.99,81,52,1.01,moderate rain
96,Saint-Francois,FR,46.4154,3.9054,41.0,93,90,11.5,overcast clouds
97,Punta Arenas,CL,-53.15,-70.9167,57.2,38,0,10.36,clear sky
98,Bengkulu,ID,-3.8004,102.2655,75.34,90,100,4.21,overcast clouds
99,Feicheng,CN,35.2606,117.9675,52.92,92,100,3.65,overcast clouds
100,Esperance,AU,-33.8667,121.9,60.8,72,40,21.85,scattered clouds
101,San Ramon De La Nueva Oran,AR,-23.1322,-64.326,59.23,93,100,2.64,overcast clouds
102,Faya,SA,18.3851,42.4509,64.4,44,0,0.89,clear sky
103,Vaitape,PF,-16.5167,-151.75,82.36,71,100,10.67,overcast clouds
104,Pokhara,NP,28.2333,83.9833,66.54,10,0,8.57,clear sky
105,Vieux-Habitants,GP,16.0589,-61.7659,78.8,61,90,8.05,overcast clouds
106,Port Macquarie,AU,-31.4333,152.9167,54.0,72,0,8.25,clear sky
107,Katsuura,JP,35.1333,140.3,53.6,76,20,6.91,few clouds
108,Nishihara,JP,26.1842,127.7558,69.8,68,40,16.11,scattered clouds
109,Ancud,CL,-41.8697,-73.8203,59.0,100,75,14.97,broken clouds
110,Husavik,IS,66.0449,-17.3389,33.8,80,75,6.91,broken clouds
111,Saskylakh,RU,71.9167,114.0833,14.94,93,89,8.72,overcast clouds
112,Barrow,US,71.2906,-156.7887,-13.0,77,1,5.75,clear sky
113,Chumikan,RU,54.7183,135.315,18.52,67,2,14.88,clear sky
114,Tuktoyaktuk,CA,69.4541,-133.0374,-5.8,65,1,9.22,clear sky
115,Fukue,JP,32.6881,128.8419,62.17,72,100,15.5,light rain
116,Povenets,RU,62.8487,34.8262,30.02,92,65,5.19,broken clouds
117,Tiksi,RU,71.6872,128.8694,6.58,68,100,7.87,overcast clouds
118,Tukrah,LY,32.5341,20.5791,57.09,48,17,9.31,few clouds
119,Chardara,KZ,41.2547,67.9692,48.38,48,0,6.26,clear sky
120,Chara,RU,56.9064,118.2631,0.18,77,100,2.01,overcast clouds
121,Haines Junction,CA,60.7522,-137.5108,19.4,23,90,2.3,overcast clouds
122,Tongliao,CN,43.6125,122.2653,49.73,55,8,23.17,clear sky
123,Tarabuco,BO,-19.1667,-64.9167,52.27,70,31,6.46,scattered clouds
124,Kaitangata,NZ,-46.2817,169.8464,60.01,86,38,5.99,scattered clouds
125,Ribeira Grande,PT,38.5167,-28.7,62.6,94,75,10.36,broken clouds
126,Otjimbingwe,NA,-22.35,16.1333,73.67,34,0,6.51,clear sky
127,Sambava,MG,-14.2667,50.1667,75.76,88,100,8.86,light rain
128,Shihezi,CN,44.3,86.0333,49.86,27,0,4.99,clear sky
129,Baykit,RU,61.67,96.37,28.18,98,100,2.3,overcast clouds
130,Pacific Grove,US,36.6177,-121.9166,61.0,63,90,13.8,overcast clouds
131,Russell,US,32.3502,-85.1999,78.8,31,1,12.66,clear sky
132,Thunder Bay,CA,48.4001,-89.3168,48.2,87,90,10.36,overcast clouds
133,Georgetown,MY,5.4112,100.3354,78.8,94,40,3.44,scattered clouds
134,Isangel,VU,-19.55,169.2667,79.18,84,92,8.57,overcast clouds
135,Tiarei,PF,-17.5333,-149.3333,86.0,66,75,16.11,broken clouds
136,Sur,OM,22.5667,59.5289,81.03,64,0,9.95,clear sky
137,Coahuayana,MX,18.7333,-103.6833,82.4,51,40,6.91,scattered clouds
138,Waingapu,ID,-9.6567,120.2641,75.69,83,62,4.85,broken clouds
139,Vesoul,FR,47.5833,5.8333,39.0,93,90,8.05,overcast clouds
140,Ketchikan,US,55.3422,-131.6461,41.0,60,75,5.75,broken clouds
141,Geraldton,AU,-28.7667,114.6,73.4,88,75,19.57,broken clouds
142,Bandarbeyla,SO,9.4942,50.8122,78.69,72,9,6.78,clear sky
143,Kavaratti,IN,10.5669,72.642,82.74,69,3,4.83,clear sky
144,Flagstaff,US,35.1981,-111.6513,69.01,10,1,14.97,clear sky
145,Andenes,NO,69.3143,16.1194,33.8,80,90,19.57,overcast clouds
146,Iqaluit,CA,63.7506,-68.5145,30.2,86,75,24.16,broken clouds
147,Dikson,RU,73.5069,80.5464,30.24,92,100,23.73,overcast clouds
148,Hokitika,NZ,-42.7167,170.9667,56.19,92,99,7.11,light rain
149,Kalmunai,LK,7.4167,81.8167,78.33,82,81,3.69,broken clouds
150,Luanda,AO,-8.8368,13.2343,80.6,89,40,5.75,light rain
151,Celestun,MX,20.8667,-90.4,83.64,72,1,12.3,clear sky
152,Marienburg,PL,54.0359,19.0266,55.99,60,100,14.41,overcast clouds
153,Lompoc,US,34.6391,-120.4579,62.01,63,83,18.41,broken clouds
154,Torbay,CA,47.6666,-52.7314,33.01,100,90,16.11,mist
155,Khutar,IN,28.2,80.2833,72.81,12,0,5.93,clear sky
156,Shangrao,CN,28.4532,117.9686,61.07,99,92,2.24,light rain
157,Rio Grande,BR,-32.035,-52.0986,71.6,83,90,20.71,overcast clouds
158,Kupang,ID,-10.1667,123.5833,76.15,88,85,2.93,overcast clouds
159,Komsomolskiy,UZ,40.4272,71.7189,51.8,50,4,2.3,clear sky
160,Sao Filipe,CV,14.8961,-24.4956,75.65,67,0,10.74,clear sky
161,Javornik,CZ,50.3908,17.0027,46.99,64,55,6.42,broken clouds
162,Haukipudas,FI,65.1765,25.3523,35.6,64,0,8.05,clear sky
163,Banjar,ID,-8.19,114.9675,80.6,89,20,4.61,few clouds
164,Te Anau,NZ,-45.4167,167.7167,52.83,89,81,1.23,broken clouds
165,Necochea,AR,-38.5473,-58.7368,64.99,75,0,7.0,clear sky
166,Severo-Kurilsk,RU,50.6789,156.125,35.11,76,81,6.33,broken clouds
167,Sobrance,SK,48.7445,22.1814,54.0,58,0,3.44,clear sky
168,Port Elizabeth,ZA,-33.918,25.5701,57.99,85,67,1.79,broken clouds
169,Abu Samrah,SY,35.3029,37.1841,45.3,79,6,5.91,clear sky
170,Tompa,HU,46.2061,19.5391,50.0,61,70,11.01,broken clouds
171,Hithadhoo,MV,-0.6,73.0833,82.85,74,96,11.56,overcast clouds
172,Sept-Iles,CA,50.2001,-66.3821,55.4,58,75,4.61,broken clouds
173,Meitingen,DE,48.55,10.85,50.0,76,90,8.05,overcast clouds
174,Jijiga,ET,9.35,42.8,66.2,69,45,4.83,scattered clouds
175,Canico,PT,32.6333,-16.85,66.2,82,40,4.61,scattered clouds
176,Seymchan,RU,62.8833,152.4333,-8.99,91,92,3.51,overcast clouds
177,Adrar,MR,20.5022,-10.0711,80.24,17,21,12.57,few clouds
178,Qui Nhon,VN,13.7667,109.2333,74.73,88,8,5.61,clear sky
179,Mao,ES,39.8885,4.2658,57.2,94,40,2.3,scattered clouds
180,Aksu,CN,41.1231,80.2644,54.72,26,0,5.48,clear sky
181,Logansport,US,40.7545,-86.3567,57.2,67,90,11.5,overcast clouds
182,Camopi,GF,3.1655,-52.3158,74.82,97,54,2.37,broken clouds
183,Victoria,HK,22.2855,114.1577,73.0,85,95,1.01,overcast clouds
184,Amalner,IN,21.05,75.0667,90.34,16,71,4.9,broken clouds
185,Alice Springs,AU,-23.7,133.8833,46.4,81,30,3.44,scattered clouds
186,Bongandanga,CD,1.5,21.05,70.0,89,98,2.24,overcast clouds
187,Guerrero Negro,MX,27.9769,-114.0611,66.06,61,99,17.18,overcast clouds
188,Inhambane,MZ,-23.865,35.3833,72.81,82,0,7.31,clear sky
189,Yerbogachen,RU,61.2767,108.0108,3.96,99,71,2.46,broken clouds
190,Khandyga,RU,62.6667,135.6,14.31,92,100,2.48,overcast clouds
191,Fantino,DO,19.1215,-70.2997,82.99,55,17,4.0,few clouds
192,Caravelas,BR,-17.7125,-39.2481,75.11,81,13,5.08,few clouds
193,Camacha,PT,33.0833,-16.3333,64.4,94,40,4.61,scattered clouds
194,Coleraine,GB,55.1333,-6.6667,37.4,87,90,1.14,overcast clouds
195,Bacolod,PH,10.6667,122.95,77.47,81,80,7.18,broken clouds
196,Barra Patuca,HN,15.8,-84.2833,83.79,76,1,16.2,clear sky
197,Langsa,ID,4.4683,97.9683,73.36,95,48,1.61,scattered clouds
198,Mantua,IT,45.1667,10.7833,51.01,90,100,1.99,overcast clouds
199,Barra Do Garcas,BR,-15.89,-52.2567,75.63,69,0,2.53,clear sky
200,Semnan,IR,35.5729,53.3971,65.25,42,83,2.91,broken clouds
201,Aktau,KZ,43.65,51.2,64.4,29,2,20.13,clear sky
202,Thompson,CA,55.7435,-97.8558,24.8,68,90,11.5,overcast clouds
203,Camocim,BR,-2.9022,-40.8411,77.88,88,98,10.18,overcast clouds
204,Silver City,US,32.7701,-108.2803,75.2,9,1,19.57,clear sky
205,Dali,CN,25.7,100.1833,51.44,81,1,4.74,clear sky
206,Ontario,US,34.0633,-117.6509,77.0,40,75,8.05,broken clouds
207,Olafsvik,IS,64.8945,-23.7142,35.94,75,98,20.33,overcast clouds
208,Meulaboh,ID,4.1363,96.1285,77.29,86,96,3.49,overcast clouds
209,Nefteyugansk,RU,61.0998,72.6035,41.0,100,75,11.18,broken clouds
210,Santa Ines,BR,-3.6667,-45.38,75.18,93,99,2.01,light rain
211,Sawtell,AU,-30.3833,153.1,55.4,47,0,6.91,clear sky
212,Leh,IN,34.1667,77.5833,29.53,90,100,2.51,light snow
213,Carnarvon,AU,-24.8667,113.6333,78.8,89,40,13.8,scattered clouds
214,Rio Gallegos,AR,-51.6226,-69.2181,57.2,33,0,14.97,clear sky
215,Ahipara,NZ,-35.1667,173.1667,70.47,76,41,3.29,scattered clouds
216,Constitucion,CL,-35.3333,-72.4167,64.09,66,0,15.28,clear sky
217,Reconquista,AR,-29.15,-59.65,63.77,70,17,9.1,few clouds
218,Arlit,NE,18.7369,7.3853,86.27,7,0,12.08,clear sky
219,Shaowu,CN,27.3409,117.4831,65.16,95,96,1.03,light rain
220,Washington,US,47.5001,-120.5015,55.0,21,0,4.0,clear sky
221,Port Hardy,CA,50.6996,-127.4199,46.4,46,20,13.8,few clouds
222,Blagoyevo,RU,63.3667,47.9167,34.27,80,20,11.68,few clouds
223,Narsaq,GL,60.9167,-46.05,50.0,29,0,11.5,clear sky
224,Kommunar,RU,59.6206,30.39,42.8,49,0,6.71,light rain
225,Aklavik,CA,68.2191,-135.0107,8.6,36,15,4.61,few clouds
226,Altamira,BR,-3.2033,-52.2064,80.6,89,40,2.3,moderate rain
227,Kushmurun,KZ,52.4503,64.6311,27.86,92,26,1.7,scattered clouds
228,Lamont,US,35.2597,-118.9143,82.0,37,100,5.99,overcast clouds
229,Namatanai,PG,-3.6667,152.4333,78.96,83,100,6.24,light rain
230,Hamilton,US,39.1834,-84.5333,53.01,82,90,11.5,overcast clouds
231,La Ronge,CA,55.1001,-105.2842,35.6,55,100,6.91,overcast clouds
232,Margate,GB,51.3813,1.3862,39.0,70,92,4.72,overcast clouds
233,Berlevag,NO,70.8578,29.0864,33.8,80,40,28.77,scattered clouds
234,Murdochville,CA,48.9583,-65.5006,41.0,93,100,3.44,overcast clouds
235,Chifeng,CN,42.2683,118.9636,46.72,64,1,7.52,clear sky
236,Shimoda,JP,34.6667,138.95,54.0,55,68,5.01,broken clouds
237,Cotonou,BJ,6.3654,2.4183,84.2,74,20,8.05,few clouds
238,Hachinohe,JP,40.5,141.5,43.0,85,8,6.11,clear sky
239,Vila Franca Do Campo,PT,37.7167,-25.4333,62.6,94,75,8.05,broken clouds
240,Raudeberg,NO,61.9875,5.1352,37.99,79,33,14.63,scattered clouds
241,Dudinka,RU,69.4058,86.1778,27.5,90,100,21.99,overcast clouds
242,Sulangan,PH,11.1373,123.7228,81.72,73,79,13.56,broken clouds
243,Alofi,NU,-19.0595,-169.9187,77.0,88,38,5.75,scattered clouds
244,Sarkand,KZ,45.41,79.9186,46.27,46,0,5.57,clear sky
245,Cabo San Lucas,MX,22.8909,-109.9124,84.99,34,75,11.5,broken clouds
246,Tonj,SS,7.2737,28.6822,82.67,48,80,3.51,broken clouds
247,Igboho,NG,8.8333,3.75,79.83,69,15,12.62,few clouds
248,Decatur,US,39.8403,-88.9548,50.0,100,90,9.22,overcast clouds
249,Sirvintos,LT,55.05,24.95,55.0,37,0,11.5,clear sky
250,Ola,RU,59.5833,151.2833,10.13,71,100,18.7,overcast clouds
251,Ostrovnoy,RU,68.0531,39.5131,32.04,80,79,27.56,broken clouds
252,Tooele,US,40.5308,-112.2983,50.0,40,1,5.75,clear sky
253,Bontang,ID,0.1333,117.5,76.5,89,65,2.95,broken clouds
254,Ludvika,SE,60.1496,15.1878,34.0,100,90,11.5,snow
255,Santa Marta,CO,11.2408,-74.199,80.73,82,100,14.54,overcast clouds
256,Talnakh,RU,69.4865,88.3972,23.52,94,100,13.27,overcast clouds
257,Kavieng,PG,-2.5744,150.7967,78.01,84,100,2.15,light rain
258,Mahebourg,MU,-20.4081,57.7,77.0,94,75,4.61,broken clouds
259,San Cristobal,VE,7.7669,-72.225,89.6,51,40,11.5,scattered clouds
260,Nipawin,CA,53.3668,-104.0009,30.2,93,90,18.41,snow
261,Kristiansund,NO,63.1115,7.732,35.6,75,32,4.61,scattered clouds
262,Castro,BR,-24.7911,-50.0119,65.25,71,11,4.74,few clouds
263,Bonavista,CA,48.6499,-53.1147,35.6,100,100,9.22,moderate rain
264,Pedasi,PA,7.5333,-80.0333,81.0,70,83,7.18,broken clouds
265,Pangnirtung,CA,66.1451,-65.7125,33.8,60,75,3.53,broken clouds
266,Vao,NC,-22.6667,167.4833,75.99,78,46,6.26,scattered clouds
267,Tarecuato,MX,19.85,-102.4833,82.4,26,1,11.5,clear sky
268,Naze,JP,28.3667,129.4833,65.46,71,64,18.54,broken clouds
269,Wahiawa,US,21.5028,-158.0236,78.8,53,75,10.36,broken clouds
270,Gayny,RU,60.3071,54.3241,31.8,95,27,4.83,scattered clouds
271,Southbridge,US,42.0751,-72.0334,48.0,84,100,5.99,overcast clouds
272,Kharhial,IN,20.2833,82.7667,84.16,37,83,2.06,broken clouds
273,Chuy,UY,-33.6971,-53.4616,63.84,78,95,18.9,overcast clouds
274,Praia Da Vitoria,PT,38.7333,-27.0667,62.6,88,40,9.44,scattered clouds
275,Bejar,ES,40.3864,-5.7634,50.0,78,22,3.0,few clouds
276,Vittoria,IT,36.9537,14.5332,55.4,76,55,9.22,broken clouds
277,Seydi,TM,39.4816,62.9137,55.06,37,0,14.47,clear sky
278,Arrecife,ES,28.963,-13.5477,68.0,77,20,9.22,few clouds
279,Belgrade,RS,44.804,20.4651,57.99,58,0,5.75,clear sky
280,Buriti Bravo,BR,-5.8372,-43.8336,79.59,72,100,2.55,moderate rain
281,Mangan,IN,27.5167,88.5333,64.56,38,29,7.34,scattered clouds
282,Kyra,RU,49.5776,111.9753,15.26,54,1,15.21,clear sky
283,Avera,US,33.194,-82.5271,78.8,57,75,12.66,broken clouds
284,Sao Joao Da Barra,BR,-21.6403,-41.0511,78.8,69,0,6.91,clear sky
285,Bethel,US,41.3712,-73.414,55.99,88,90,12.66,mist
286,Gerash,IR,27.6652,54.1371,69.8,37,0,2.33,clear sky
287,Assiniboia,CA,49.6334,-105.9845,33.8,75,100,24.16,overcast clouds
288,Vanimo,PG,-2.6741,141.3028,78.46,87,100,4.21,overcast clouds
289,Fortuna,US,40.5982,-124.1573,59.0,62,1,14.97,clear sky
290,Havre-Saint-Pierre,CA,50.2334,-63.5986,57.2,54,90,16.11,overcast clouds
291,Leningradskiy,RU,69.3833,178.4167,-5.04,83,9,5.82,clear sky
292,Djibo,BF,14.1022,-1.6306,89.04,6,0,5.73,clear sky
293,Marsa Matruh,EG,31.3525,27.2453,55.4,58,0,4.61,clear sky
294,Warmbad,NA,-28.45,18.7333,80.37,22,5,5.01,clear sky
295,Rumphi,MW,-11.0186,33.8575,62.51,97,70,3.33,broken clouds
296,Inuvik,CA,68.3499,-133.7218,8.6,36,9,4.61,clear sky
297,Novonikolayevskiy,RU,50.9738,42.3649,42.01,93,97,9.28,overcast clouds
298,Muros,ES,42.7762,-9.0603,48.0,54,0,5.01,clear sky
299,Onguday,RU,50.75,86.15,33.01,76,1,3.06,clear sky
300,Salinopolis,BR,-0.6136,-47.3561,78.8,87,73,8.23,broken clouds
301,Klaksvik,FO,62.2266,-6.589,30.2,80,82,2.3,broken clouds
302,Puerto Colombia,CO,10.9878,-74.9547,84.2,70,75,10.36,broken clouds
303,Bonfim,BR,3.0833,-59.95,84.2,74,40,9.22,scattered clouds
304,Beloha,MG,-25.1667,45.05,72.23,89,22,11.16,few clouds
305,Srednekolymsk,RU,67.45,153.6833,-11.99,93,95,2.93,overcast clouds
306,Bristol,US,41.8334,-71.1662,46.99,87,90,5.75,overcast clouds
307,Lorengau,PG,-2.0226,147.2712,77.9,89,100,15.84,heavy intensity rain
308,Vetlanda,SE,57.4289,15.0776,37.4,100,90,3.44,light rain
309,Provideniya,RU,64.3833,-173.3,11.62,84,100,29.24,light snow
310,Dobryanka,RU,58.4619,56.4165,37.4,100,100,2.24,mist
311,Mount Isa,AU,-20.7333,139.5,64.4,32,0,11.5,clear sky
312,Taoudenni,ML,22.6783,-3.9836,87.93,13,0,7.76,clear sky
313,Umarizal,BR,-5.9906,-37.8144,75.76,88,99,8.46,moderate rain
314,La Rioja,ES,42.25,-2.5,46.4,71,75,10.36,broken clouds
315,Laguna,US,38.421,-121.4238,82.0,22,1,4.61,clear sky
316,Arawa,PG,-6.2132,155.5367,83.03,69,93,0.22,overcast clouds
317,Najran,SA,17.4924,44.1277,80.6,17,20,5.75,few clouds
318,Mahdasht,IR,35.7299,50.8111,60.8,41,75,13.8,broken clouds
319,Opuwo,NA,-18.0607,13.84,70.92,34,2,8.28,clear sky
320,Pasighat,IN,28.0667,95.3333,68.95,67,52,6.31,broken clouds
321,Shelburne,CA,44.0787,-80.2041,61.0,74,90,8.57,overcast clouds
322,Nanakuli,US,21.3906,-158.1547,78.8,53,75,10.36,light rain
323,Goba,ET,7.0167,39.9833,50.4,85,64,3.11,broken clouds
324,Labuhan,ID,-6.8844,112.2051,77.52,86,54,4.72,broken clouds
325,Nyagan,RU,62.1406,65.3936,34.97,89,9,9.8,clear sky
326,Xian,CN,34.2583,108.9286,54.0,93,87,1.54,overcast clouds
327,Oranjemund,NA,-28.55,16.4333,63.05,74,0,4.05,clear sky
328,Moose Factory,CA,51.2585,-80.6094,39.2,93,90,9.22,overcast clouds
329,Grand Baie,MU,-20.0182,57.5802,79.0,81,96,5.01,light rain
330,Borogontsy,RU,62.6683,131.1683,11.89,93,100,3.6,light snow
331,Acajutla,SV,13.5928,-89.8275,81.0,83,7,5.01,clear sky
332,Foz,ES,43.5692,-7.2544,51.01,84,4,10.0,clear sky
333,Khor,RU,47.8861,134.9464,45.07,86,100,5.03,light rain
334,Mlimba,TZ,-8.8,35.8167,69.1,97,70,1.32,light rain
335,Oussouye,SN,12.485,-16.5469,77.0,83,0,4.61,clear sky
336,Snezhnogorsk,RU,69.1933,33.2531,33.8,69,0,6.71,clear sky
337,Edson,CA,53.5835,-116.4356,39.2,30,75,14.97,broken clouds
338,Tommot,RU,58.9564,126.2925,12.52,92,100,9.6,light snow
339,Trofors,NO,65.5333,13.4063,32.0,93,75,1.14,broken clouds
340,Rapid Valley,US,44.0625,-103.1463,46.4,46,75,32.21,broken clouds
341,Shache,CN,38.4167,77.2406,54.73,23,19,5.3,few clouds
342,Korla,CN,41.7597,86.1469,52.34,42,36,19.24,scattered clouds
343,Nome,US,64.5011,-165.4064,25.0,86,90,28.77,snow
344,Caceres,ES,39.522,-6.3748,54.72,77,50,0.45,scattered clouds
345,Grindavik,IS,63.8424,-22.4338,37.4,87,75,17.27,broken clouds
346,Lata,PT,40.1629,-8.3327,55.99,88,18,3.0,few clouds
347,Rumonge,BI,-3.9736,29.4386,69.69,84,98,3.89,light rain
348,Porto Empedocle,IT,37.2934,13.5264,46.99,87,59,10.71,broken clouds
349,Dingle,PH,10.9995,122.6711,74.89,87,99,5.26,overcast clouds
350,Sterling,US,39.0062,-77.4286,78.8,38,75,13.8,broken clouds
351,Airai,TL,-8.9266,125.4092,58.5,87,23,2.08,few clouds
352,La Esperanza,GT,14.8667,-91.5667,78.01,46,20,20.71,few clouds
353,Portland,US,45.5234,-122.6762,57.99,38,20,10.36,few clouds
354,Bud,US,39.447,-86.1758,50.0,93,100,14.32,overcast clouds
355,Umba,RU,66.6871,34.3429,33.84,88,81,15.23,broken clouds
356,Isla Mujeres,MX,21.2311,-86.731,87.8,66,40,14.97,scattered clouds
357,Ponta Delgada,PT,37.7333,-25.6667,62.6,94,75,8.05,broken clouds
358,San Quintin,MX,30.4833,-115.95,62.76,70,73,10.54,broken clouds
359,Lagoa,PT,39.05,-27.9833,61.99,84,100,7.94,overcast clouds
360,Solnechnyy,RU,50.7214,136.6319,32.23,65,99,2.19,overcast clouds
361,Surt,LY,31.2089,16.5887,64.54,50,65,22.3,broken clouds
362,Saint Anthony,US,45.0205,-93.218,55.4,62,90,11.5,overcast clouds
363,Strangnas,SE,59.3774,17.0312,32.0,93,90,10.36,snow
364,Namuac,PH,18.6109,121.1657,74.46,81,78,8.43,broken clouds
365,Beidao,CN,34.5686,105.8933,48.45,90,100,0.4,overcast clouds
366,Tautira,PF,-17.7333,-149.15,86.0,66,75,16.11,broken clouds
367,Niquero,CU,20.0431,-77.5828,82.26,69,75,14.05,broken clouds
368,Pisco,PE,-13.7,-76.2167,75.0,64,0,19.57,clear sky
369,Safaga,EG,26.7292,33.9365,64.4,29,0,10.36,clear sky
370,Marsh Harbour,BS,26.5412,-77.0636,76.8,76,58,16.26,broken clouds
371,Clovis,US,36.8252,-119.7029,80.01,27,75,9.22,broken clouds
372,Pringsewu,ID,-5.3582,104.9744,72.48,97,82,2.46,broken clouds
373,Sibolga,ID,1.7427,98.7792,75.97,88,100,2.15,overcast clouds
374,Elda,ES,38.4778,-0.7916,62.01,87,52,5.64,broken clouds
375,Tekari,IN,24.9333,84.8333,69.8,46,83,3.44,haze
376,San Patricio,US,28.017,-97.5169,87.8,45,1,11.5,clear sky
377,Shenkursk,RU,62.1091,42.896,35.69,80,40,8.88,scattered clouds
378,Wanning,CN,18.8003,110.3967,73.22,85,79,3.47,broken clouds
379,Obo,CF,5.3998,26.4869,74.44,69,86,8.75,overcast clouds
380,Gat,IL,31.61,34.7642,55.0,85,1,10.0,clear sky
381,Nioro,GM,13.35,-15.75,80.91,41,3,6.96,clear sky
382,Menongue,AO,-14.6585,17.691,60.37,68,8,3.33,clear sky
383,Westport,US,41.1415,-73.3579,50.0,87,90,16.11,moderate rain
384,Aqtobe,KZ,50.2797,57.2072,39.2,81,0,2.24,clear sky
385,Lazaro Cardenas,MX,17.9583,-102.2,82.4,57,44,11.68,scattered clouds
386,Hofn,IS,64.2539,-15.2082,38.01,92,100,14.32,light rain
387,Miles City,US,46.4083,-105.8406,39.2,56,90,24.16,overcast clouds
388,Kirakira,SB,-10.4544,161.9205,81.01,78,100,0.81,overcast clouds
389,Micheweni,TZ,-4.9667,39.8333,79.05,84,75,9.22,light rain
390,Paita,PE,-5.0892,-81.1144,78.8,73,0,11.5,clear sky
391,Gizo,SB,-8.103,156.8419,81.52,75,99,3.67,light rain
392,Erzin,TR,36.9559,36.2,51.01,79,46,3.0,scattered clouds
393,Buala,SB,-8.145,159.5921,80.85,76,100,1.43,overcast clouds
394,Biaora,IN,23.8667,76.9167,79.81,33,37,6.93,scattered clouds
395,Ordzhonikidze,KZ,52.4411,61.7408,28.92,90,18,3.85,few clouds
396,Dongsheng,CN,39.8161,109.9776,37.09,85,100,24.38,overcast clouds
397,Poum,NC,-20.2333,164.0167,77.58,84,100,10.11,overcast clouds
398,Paamiut,GL,61.994,-49.6678,34.25,78,6,3.71,clear sky
399,Shingu,JP,33.7333,135.9833,57.61,67,100,7.99,overcast clouds
400,Guantanamo,CU,20.1444,-75.2092,84.2,65,75,13.8,broken clouds
401,Lavrentiya,RU,65.5833,-171.0,5.77,80,100,29.37,light snow
402,Arraias,BR,-12.9288,-46.9437,70.95,77,99,1.54,overcast clouds
403,Beringovskiy,RU,63.05,179.3167,2.39,93,100,25.32,snow
404,Ulaanbaatar,MN,47.9077,106.8832,8.6,66,0,4.47,clear sky
405,Petropavlovsk-Kamchatskiy,RU,53.0452,158.6483,28.4,74,78,6.71,broken clouds
406,Marcali,HU,46.585,17.412,50.0,66,0,8.05,clear sky
407,Sola,VU,-13.8833,167.55,80.46,71,99,3.65,overcast clouds
408,Kobelyaky,UA,49.1489,34.1965,46.0,61,85,8.39,overcast clouds
409,Akyab,MM,20.15,92.9,78.12,86,13,5.66,few clouds
410,Obihiro,JP,42.9172,143.2044,44.15,53,9,1.72,clear sky
411,Killybegs,IE,54.6333,-8.45,39.99,94,100,1.01,overcast clouds
412,Tura,IN,25.5198,90.2201,74.88,53,81,5.14,broken clouds
413,Yuanping,CN,38.7153,112.7575,50.16,59,79,1.36,broken clouds
414,Lerwick,GB,60.1545,-1.1494,35.6,75,63,8.05,broken clouds
415,Serebryansk,KZ,49.6925,83.2892,30.2,93,4,4.47,clear sky
416,Aljezur,PT,37.3191,-8.8033,54.3,88,40,8.21,scattered clouds
417,Brae,GB,60.3964,-1.353,35.6,75,63,8.05,broken clouds
418,Lensk,RU,60.7253,114.9278,-1.95,99,67,4.72,broken clouds
419,Genhe,CN,50.7833,121.5167,22.98,81,100,5.75,light snow
420,Mattru,SL,7.6244,-11.8332,78.76,87,47,3.65,light rain
421,Port-Gentil,GA,-0.7193,8.7815,77.0,94,20,4.94,few clouds
422,Half Moon Bay,US,37.4636,-122.4286,64.4,76,1,14.97,haze
423,Tual,ID,-5.6667,132.75,82.67,74,25,9.35,scattered clouds
424,Lae,PG,-6.7221,146.9847,75.2,94,75,3.44,broken clouds
425,Vestmanna,FO,62.1564,-7.1664,30.2,80,56,2.3,broken clouds
426,Samana,DO,19.2056,-69.3369,77.11,62,15,10.0,few clouds
427,Ballina,AU,-28.8667,153.5667,59.0,58,75,8.05,broken clouds
428,Mahibadhoo,MV,3.7833,72.9667,82.54,71,12,5.06,few clouds
429,Benjamin Hill,MX,30.1667,-111.1,89.01,16,85,8.99,overcast clouds
430,Yelanskiy,RU,56.8419,62.5014,43.5,92,99,6.13,light rain
431,Prabumulih,ID,-3.45,104.25,72.48,99,99,2.01,overcast clouds
432,Brusturoasa,RO,46.5167,26.2,42.01,44,0,2.64,light rain
433,Hami,CN,42.8,93.45,52.65,38,100,14.14,overcast clouds
434,Sakakah,SA,29.9697,40.2064,59.0,25,0,4.61,clear sky
435,Sugod,PH,12.987,124.0805,78.44,83,99,7.05,overcast clouds
436,Veshenskaya,RU,49.6303,41.7334,48.81,92,95,10.36,overcast clouds
437,Kloulklubed,PW,7.0419,134.2556,75.2,94,90,13.69,overcast clouds
438,Juneau,US,58.3019,-134.4197,33.01,74,90,8.05,light snow
439,Chunoyar,RU,57.4467,97.3217,33.12,95,100,7.63,light snow
440,Berezovyy,RU,51.6667,135.7,29.05,61,100,3.33,overcast clouds
441,Semirom,IR,31.4167,51.5667,46.47,61,26,4.14,scattered clouds
442,Saint George,US,37.1041,-113.5841,84.0,9,1,6.91,clear sky
443,Alpena,US,45.0617,-83.4327,57.2,72,1,10.36,clear sky
444,Changji,CN,44.0167,87.3167,48.2,21,0,4.47,clear sky
445,Kizema,RU,61.113,44.8302,34.57,81,2,6.91,clear sky
446,Turner,US,44.2565,-70.2562,57.2,44,100,8.05,overcast clouds
447,Viedma,AR,-40.8135,-62.9967,62.4,41,1,2.19,clear sky
448,Shakhtinsk,KZ,49.71,72.5872,30.2,74,0,8.95,clear sky
449,Trairi,BR,-3.2778,-39.2689,76.86,91,99,7.81,overcast clouds
450,Lapua,FI,62.9693,23.0088,33.01,77,100,2.84,overcast clouds
451,Novobirilyussy,RU,56.9514,90.6661,34.52,98,100,6.26,overcast clouds
452,Waipawa,NZ,-41.4122,175.5153,66.2,77,45,14.97,scattered clouds
453,Monki,PL,53.405,22.7979,55.0,37,100,15.86,overcast clouds
454,Roanoke Rapids,US,36.4615,-77.6542,78.8,53,1,11.5,clear sky
455,Rawson,AR,-43.3002,-65.1023,69.69,43,0,8.59,clear sky
456,Lisakovsk,KZ,52.5369,62.4936,27.95,96,74,4.32,broken clouds
457,Mitsamiouli,KM,-11.3847,43.2844,81.23,75,98,8.5,light rain
458,Iwanai,JP,42.9744,140.5089,42.91,66,95,6.2,overcast clouds
459,Mujiayingzi,CN,42.1167,118.7833,45.3,68,1,7.85,clear sky
460,Quesnel,CA,52.9999,-122.5029,41.0,36,90,3.44,overcast clouds
461,Poso,ID,-1.3959,120.7524,79.0,83,95,3.98,overcast clouds
462,Erechim,BR,-27.6342,-52.2739,70.56,70,38,6.31,light rain
463,Kumeny,RU,58.1089,49.9161,32.34,99,100,5.12,overcast clouds
464,Athabasca,CA,54.7169,-113.2854,35.6,51,99,4.61,overcast clouds
465,Trincomalee,LK,8.5711,81.2335,81.3,76,92,5.93,overcast clouds
466,Nacogdoches,US,31.6002,-94.6335,84.0,20,1,3.38,clear sky
467,Winston-Salem,US,36.0999,-80.2442,75.2,33,75,8.05,broken clouds
468,Corinto,GR,37.9407,22.9573,48.99,59,0,1.01,clear sky
469,Kota Kinabalu,MY,5.9749,116.0724,73.4,94,20,4.61,few clouds
470,Visby,SE,57.6409,18.296,48.99,81,99,14.97,overcast clouds
471,Kosh-Agach,RU,50.0,88.6667,15.93,50,18,4.43,few clouds
472,Mackay,AU,-21.15,149.2,71.6,60,40,10.36,scattered clouds
473,Namibe,AO,-15.1961,12.1522,79.77,69,65,4.54,broken clouds
474,Mancio Lima,BR,-7.6142,-72.8958,91.4,58,40,2.21,scattered clouds
475,Piacabucu,BR,-10.4056,-36.4344,77.79,85,97,9.1,overcast clouds
476,Fort Saint James,CA,54.4333,-124.25,42.04,45,94,2.77,overcast clouds
477,Neuquen,AR,-38.9516,-68.0591,77.0,41,0,3.47,clear sky
478,Cabedelo,BR,-6.9811,-34.8339,73.4,100,90,5.75,heavy intensity rain
479,Inta,RU,66.0317,60.1659,33.28,84,62,23.09,broken clouds
480,Imbituba,BR,-28.24,-48.6703,80.6,69,0,9.22,clear sky
481,Innisfail,AU,-17.5333,146.0333,66.99,84,1,3.31,clear sky
482,Rovaniemi,FI,66.5,25.7167,32.0,80,0,6.91,clear sky
483,Vryburg,ZA,-26.9566,24.7284,68.63,34,0,5.23,clear sky
484,Lugovoy,KZ,42.9472,72.7644,48.16,77,67,7.83,broken clouds
485,Sampit,ID,-2.5333,112.95,73.69,98,98,0.89,overcast clouds
486,Broome,US,42.2506,-75.833,59.0,100,90,12.66,heavy intensity rain
487,Yebaishou,CN,41.3975,119.6408,42.62,87,75,5.82,broken clouds
488,Yalta,UA,44.5,34.1667,45.0,68,100,2.46,overcast clouds
489,Dubai,AE,25.2582,55.3047,87.8,33,0,6.91,clear sky
490,Port Hedland,AU,-20.3167,118.5667,77.0,94,93,5.75,overcast clouds
491,Muisne,EC,0.6,-80.0333,82.4,83,75,10.36,broken clouds
492,Thinadhoo,MV,0.5333,72.9333,82.69,69,61,10.56,broken clouds
493,Svetlyy,RU,54.675,20.1347,51.8,62,0,8.95,clear sky
494,Naron,ES,43.5167,-8.1528,50.0,57,0,6.91,clear sky
495,Requena,ES,39.4883,-1.1004,57.0,88,68,1.99,broken clouds
496,Quatre Cocos,MU,-20.2078,57.7625,79.0,94,75,4.61,light rain
497,Ayan,RU,56.45,138.1667,15.24,71,85,10.67,overcast clouds
498,Flin Flon,CA,54.7682,-101.865,33.8,64,90,12.66,overcast clouds
499,Vostok,RU,46.4856,135.8833,42.96,74,100,8.48,light rain
500,Yar-Sale,RU,66.8333,70.8333,33.75,88,100,20.51,overcast clouds
501,Wad Madani,SD,14.4012,33.5199,85.39,9,0,18.19,clear sky
502,Vila Do Maio,CV,15.1333,-23.2167,75.2,53,0,18.41,clear sky
503,Kudahuvadhoo,MV,2.6708,72.8944,82.6,72,25,6.02,scattered clouds
504,San Felipe,VE,10.3399,-68.7425,75.02,91,98,5.37,overcast clouds
505,Sorland,NO,67.667,12.6934,37.67,62,100,14.29,overcast clouds
506,Gornopravdinsk,RU,60.05,69.9,42.17,97,100,7.83,overcast clouds
507,Kieta,PG,-6.2167,155.6333,82.44,69,95,0.51,overcast clouds
508,Egvekinot,RU,66.3167,-179.1667,-4.25,78,100,22.44,overcast clouds
509,Honiara,SB,-9.4333,159.95,77.9,87,100,3.22,overcast clouds
510,Lima,PE,-12.0432,-77.0282,75.2,60,0,9.22,clear sky
511,Jutai,BR,-5.1833,-68.9,79.09,84,77,3.69,broken clouds
512,Campbellsville,US,37.3434,-85.3419,66.2,32,1,18.41,clear sky
513,Kimbe,PG,-5.5502,150.1429,78.17,86,100,3.89,overcast clouds
514,Podyuga,RU,61.095,40.8647,30.0,90,10,4.59,clear sky
515,Simga,IN,21.6333,81.7,81.36,36,64,4.47,broken clouds
516,Abatskoye,RU,56.2875,70.4555,34.25,80,96,11.56,overcast clouds
517,Garissa,KE,-0.4536,39.6401,80.33,73,83,14.07,light rain
518,Tyumentsevo,RU,53.3224,81.498,28.45,97,98,5.32,overcast clouds
519,Kampot,KH,10.6167,104.1833,80.6,78,40,8.05,scattered clouds
520,Poddorye,RU,57.4695,31.1156,45.66,89,100,5.06,overcast clouds
521,Bathsheba,BB,13.2167,-59.5167,78.8,69,40,12.66,volcanic ash
522,Ponnani,IN,10.767,75.9252,80.6,83,20,2.3,few clouds
523,Baherden,TM,38.4362,57.4316,66.74,22,67,10.25,broken clouds
524,Mount Gambier,AU,-37.8333,140.7667,51.8,82,90,6.91,overcast clouds
525,Longyearbyen,SJ,78.2186,15.6401,19.4,63,40,13.8,scattered clouds
526,Nyimba,ZM,-14.5566,30.8149,64.08,88,27,3.06,scattered clouds
527,Soplaviento,CO,10.3931,-75.1408,86.0,74,40,14.97,scattered clouds
528,Tiznit,MA,29.5833,-9.5,58.93,70,99,5.41,overcast clouds
529,Port Hawkesbury,CA,45.6169,-61.3485,39.0,93,90,12.66,fog
530,Segezha,RU,63.7415,34.3222,32.72,82,7,11.23,clear sky
531,Payakumbuh,ID,-0.2202,100.6308,68.67,96,100,2.3,overcast clouds
532,Malumfashi,NG,11.7853,7.6218,83.28,10,42,6.49,scattered clouds
533,Khuzhir,RU,53.1939,107.3397,17.65,79,17,3.78,few clouds
534,Kanigoro,ID,-8.13,112.219,72.5,84,64,3.18,broken clouds
535,Bardiyah,LY,31.7561,25.0865,56.39,59,5,6.38,clear sky
536,Sokoto,NG,13.0609,5.239,87.3,5,2,4.76,clear sky
537,Chernyshevskiy,RU,63.0128,112.4714,-13.4,100,34,1.81,scattered clouds
538,Hope,US,33.6671,-93.5916,75.99,25,0,1.99,clear sky
539,Chabahar,IR,25.2919,60.643,77.5,77,0,8.9,clear sky
540,Tagusao,PH,9.1924,117.8141,78.31,81,49,4.07,scattered clouds
541,Hauterive,FR,46.0901,3.4459,41.0,81,90,8.05,overcast clouds
542,Touros,BR,-5.1989,-35.4608,80.6,83,40,6.91,scattered clouds
543,Saint-Denis,FR,48.9167,2.3333,39.2,70,0,4.61,clear sky
544,Talisay,PH,10.2447,123.8494,78.8,83,75,4.61,broken clouds
545,Mabaruma,GY,8.2,-59.7833,76.26,92,100,3.58,overcast clouds
546,Tuatapere,NZ,-46.1333,167.6833,51.01,98,89,3.0,overcast clouds
547,Yairipok,IN,24.6667,94.0667,61.36,55,14,1.41,few clouds
548,Opole,PL,50.5,18.0,51.01,52,93,5.01,overcast clouds
549,Port Lincoln,AU,-34.7333,135.8667,60.42,62,100,15.61,overcast clouds
550,Isla Vista,US,34.4133,-119.861,71.6,59,1,6.91,clear sky
551,Sao Geraldo Do Araguaia,BR,-6.4006,-48.555,75.33,90,93,1.86,overcast clouds
552,Maketu,NZ,-37.7667,176.45,70.0,100,91,5.01,overcast clouds
553,Bilibino,RU,68.0546,166.4372,-7.56,76,21,0.56,few clouds
554,Anloga,GH,5.7947,0.8973,84.2,84,20,9.22,few clouds
555,Conceicao Da Barra,BR,-18.5933,-39.7322,74.41,82,38,4.56,scattered clouds
556,Miri,MY,4.4148,114.0089,77.0,88,40,1.14,scattered clouds
557,Mehamn,NO,71.0357,27.8492,33.8,80,40,28.77,light snow
558,Hovd,MN,48.0056,91.6419,28.85,31,0,5.17,clear sky
559,Stepnogorsk,KZ,52.3544,71.8869,30.29,96,49,2.04,scattered clouds
560,Perth,AU,-31.9333,115.8333,66.0,94,75,13.8,broken clouds
561,Arroyo,ES,41.6096,-4.7969,42.01,81,0,18.41,clear sky
562,Havelock,US,34.8791,-76.9013,70.0,80,100,8.01,overcast clouds
563,Nemuro,JP,43.3236,145.575,37.92,82,3,10.56,clear sky
564,Ipanema,BR,-30.1391,-51.2244,75.2,78,0,11.5,clear sky
565,Plover,US,44.4564,-89.544,51.8,100,90,7.67,light intensity drizzle
566,Big Rapids,US,43.6981,-85.4837,57.2,58,90,2.1,overcast clouds
567,Dossor,KZ,47.5272,52.9811,59.9,36,13,16.17,few clouds
568,Benguela,AO,-12.5763,13.4055,81.48,81,72,2.48,broken clouds
569,Bluffton,US,32.2371,-80.8604,75.2,64,20,17.27,few clouds
570,Cap-Haitien,HT,19.7578,-72.2042,77.13,72,47,7.7,scattered clouds
571,Nantucket,US,41.2835,-70.0995,46.4,93,90,13.8,overcast clouds
572,Huallanca,PE,-9.8993,-76.9417,51.55,77,90,1.97,light rain
573,Ixtapa,MX,20.7,-105.2,80.6,69,1,13.8,clear sky
574,Ceres,US,37.5949,-120.9577,75.0,33,1,10.36,clear sky
575,Helong,CN,42.5397,128.9972,51.03,62,100,6.85,overcast clouds
576,Codrington,AU,-38.2667,141.9667,55.67,71,92,8.55,overcast clouds
577,Nanning,CN,22.8167,108.3167,73.4,88,90,4.47,overcast clouds
578,Paraiso,CR,9.8383,-83.8656,80.6,65,40,12.66,moderate rain
579,Orillia,CA,44.6087,-79.4207,59.0,88,100,8.05,light rain
580,Xapuri,BR,-10.6517,-68.5044,76.55,92,92,2.73,overcast clouds
581,Toowoomba,AU,-27.55,151.9667,48.99,93,0,2.48,clear sky
582,Axim,GH,4.8699,-2.2405,81.16,86,89,6.67,overcast clouds
583,Diapaga,BF,12.0708,1.7889,90.41,7,4,5.93,clear sky
584,Tagbac,PH,7.089,125.1567,75.2,100,40,2.3,scattered clouds
585,Zalari,RU,53.5584,102.5065,25.14,78,98,3.94,overcast clouds
586,Santa Cruz De La Palma,ES,28.6835,-17.7642,68.0,73,0,4.99,clear sky
587,Marzuq,YE,14.4,46.4667,66.27,53,3,6.51,clear sky
588,Nueva Gerona,CU,21.8833,-82.8,84.52,65,76,16.2,broken clouds
589,Kungurtug,RU,50.5994,97.5228,13.91,89,94,2.15,overcast clouds
590,Jiexiu,CN,37.0244,111.9125,52.92,65,90,5.5,overcast clouds
591,De-Kastri,RU,51.4667,140.7833,32.61,64,99,3.49,overcast clouds
592,Luba,GQ,3.4568,8.5547,84.2,74,40,23.02,scattered clouds
593,Paragominas,BR,-2.9667,-47.4833,74.12,95,98,3.51,heavy intensity rain
594,Karratha,AU,-20.7377,116.8463,82.27,78,59,6.31,broken clouds
595,Emerald,AU,-23.5333,148.1667,60.8,41,0,18.41,clear sky
596,Haapiti,PF,-17.5667,-149.8667,86.0,66,75,16.11,broken clouds
597,Ambilobe,MG,-13.2,49.05,73.27,92,95,2.44,overcast clouds
598,Evanston,US,42.0411,-87.6901,53.6,71,90,5.75,overcast clouds
599,Nizwa,OM,22.9333,57.5333,75.79,46,1,2.73,clear sky
600,Omsukchan,RU,62.5333,155.8,-8.16,95,100,6.53,overcast clouds
601,Kamyaran,IR,34.7956,46.9355,48.06,43,0,2.57,clear sky
602,Oksovskiy,RU,62.6062,39.8984,34.86,83,32,8.7,scattered clouds
603,Hobyo,SO,5.3505,48.5268,81.99,62,39,11.41,scattered clouds
604,Ivanovka,KG,42.8878,75.085,46.4,71,0,4.47,clear sky
605,Shitanjing,CN,39.2342,106.3439,41.79,71,76,6.87,broken clouds
606,Gladstone,AU,-23.85,151.25,64.4,36,0,9.22,light rain
607,Ambon,ID,-3.6954,128.1814,75.2,88,40,8.05,scattered clouds
608,Pochutla,MX,15.7432,-96.4661,87.01,54,1,11.5,clear sky
609,Vrangel,RU,42.7297,133.0839,42.26,88,93,5.79,overcast clouds
610,Marquette,US,46.5333,-87.6335,46.0,91,100,5.99,light rain
611,Panguna,PG,-6.3164,155.4848,76.66,69,89,0.81,overcast clouds
612,Roald,NO,62.5833,6.1333,37.4,87,0,14.97,clear sky
613,Sibinal,GT,15.1333,-92.05,91.4,52,1,11.5,clear sky
614,Tazmalt,DZ,36.3868,4.3989,58.1,93,56,4.0,broken clouds
615,Rosetta,EG,31.4044,30.4164,59.0,55,20,10.36,few clouds
616,Magistralnyy,RU,56.1725,107.4458,13.51,94,99,2.93,overcast clouds
617,La Grande,US,45.3246,-118.0877,46.0,30,20,13.0,few clouds
618,Menton,FR,43.7765,7.5044,57.2,82,90,10.36,light rain
619,Lesnoy,RU,57.6198,63.0784,44.74,96,100,5.73,light rain
620,Oyama,JP,36.3,139.8,54.0,93,20,3.44,few clouds
621,Benalla,AU,-36.55,145.9833,37.99,93,49,5.75,scattered clouds
622,Yatou,CN,37.15,122.3833,48.9,94,100,17.43,moderate rain
623,Acari,PE,-15.4311,-74.6158,75.24,67,76,6.22,broken clouds
624,Cayenne,GF,4.9333,-52.3333,82.4,78,0,5.75,clear sky
625,Teguise,ES,29.0605,-13.564,68.0,77,20,9.22,few clouds
626,Grootfontein,NA,-19.5667,18.1167,60.57,44,0,6.82,clear sky
627,Carutapera,BR,-1.195,-46.02,76.86,87,96,5.77,light rain
628,Agadir,MA,30.4202,-9.5982,64.4,77,0,5.75,clear sky
629,Muroto,JP,33.2833,134.15,51.8,82,75,9.22,broken clouds
630,Jertih,MY,5.7336,102.4897,77.0,94,40,2.3,scattered clouds
631,Caconda,AO,-13.7333,15.0667,62.55,66,90,4.88,overcast clouds
632,Tessalit,ML,20.1986,1.0114,86.99,10,2,6.76,clear sky
633,Barnstaple,GB,51.0802,-4.0581,44.01,71,3,7.0,clear sky
634,Tahta,EG,26.7693,31.5021,64.4,32,0,11.5,clear sky
635,Mayor Pablo Lagerenza,PY,-19.9309,-60.7718,61.72,94,100,13.51,overcast clouds
636,Poya,NC,-21.35,165.15,76.51,88,99,6.62,overcast clouds
637,Grand-Santi,GF,4.25,-54.3833,74.8,96,81,2.17,broken clouds
638,Vila Velha,BR,-20.3297,-40.2925,80.01,73,0,5.75,clear sky
639,Loukhi,RU,66.0764,33.0381,32.38,86,48,11.05,scattered clouds
640,Newport,GB,51.5877,-2.9984,37.99,80,2,4.61,clear sky
641,Batticaloa,LK,7.7102,81.6924,78.8,82,97,4.97,overcast clouds
642,Luderitz,NA,-26.6481,15.1594,72.41,49,0,5.91,clear sky
643,Scarborough,GB,54.2797,-0.4044,33.01,78,76,7.14,broken clouds
644,Sao Jose Da Coroa Grande,BR,-8.8978,-35.1478,77.81,86,100,9.86,heavy intensity rain
645,Wattegama,LK,6.7989,81.4808,73.35,93,98,1.95,overcast clouds
646,Yining,CN,29.0361,114.5636,57.74,99,100,1.77,light rain
647,Trelew,AR,-43.249,-65.3051,70.43,39,0,7.99,clear sky
648,Morondava,MG,-20.2833,44.2833,77.9,67,90,6.13,overcast clouds
649,Kurchum,KZ,48.5722,83.6542,38.19,44,0,3.29,clear sky
650,Bizhbulyak,RU,53.6967,54.2642,39.79,89,97,4.29,overcast clouds
651,Toppenish,US,46.3774,-120.3087,53.6,22,1,8.05,clear sky
652,Wanaka,NZ,-44.7,169.15,50.0,99,71,1.01,broken clouds
653,Grass Valley,US,39.2191,-121.0611,72.0,21,1,9.22,clear sky
654,Ishigaki,JP,24.3448,124.1572,73.4,83,20,11.5,few clouds
655,Irbil,IQ,36.1926,44.0106,48.2,46,0,1.14,clear sky
656,Bambous Virieux,MU,-20.3428,57.7575,79.0,94,75,4.61,broken clouds
657,Tambong,PH,12.9639,121.4846,74.66,87,86,8.05,overcast clouds
658,Mamlyutka,KZ,54.9375,68.5394,31.87,85,84,8.03,broken clouds
659,Viru,PE,-8.4167,-78.75,69.8,83,97,13.8,fog
660,Erenhot,CN,43.6475,111.9767,31.77,60,100,22.57,overcast clouds
661,Goderich,CA,43.7501,-81.7165,59.0,72,91,2.3,overcast clouds
662,Loa Janan,ID,-0.583,117.095,72.23,98,49,0.98,scattered clouds
663,Ust-Kuyga,RU,70.0167,135.6,-8.86,95,71,7.7,broken clouds
664,Boffa,GN,10.1667,-14.0333,76.82,85,50,5.01,scattered clouds
665,Sao Lourenco Do Sul,BR,-31.3653,-51.9783,68.0,82,100,1.01,overcast clouds
666,Morros,BR,-9.4467,-46.3003,77.27,61,95,3.36,overcast clouds
667,Stromness,GB,58.965,-3.296,33.8,75,9,3.44,clear sky
668,Gao,ML,16.6362,1.637,88.92,7,0,10.49,clear sky
669,Valparaiso,CL,-33.0393,-71.6273,71.6,26,0,5.75,clear sky
670,San Policarpo,PH,12.1791,125.5072,77.54,86,100,7.67,overcast clouds
671,Elko,US,41.0002,-115.5012,57.0,19,1,14.97,clear sky
672,Conceicao Do Araguaia,BR,-8.2578,-49.2647,84.2,74,0,2.3,clear sky
673,Dabakala,CI,8.3667,-4.4333,84.36,53,41,5.75,scattered clouds
674,Qena,EG,26.1615,32.7183,64.4,29,0,4.61,clear sky
675,Merisani,RO,44.9667,24.7333,40.78,76,12,2.55,few clouds
676,Verkhoyansk,RU,67.5447,133.385,-10.77,99,96,2.82,overcast clouds
677,Hella,NO,67.2,14.4333,35.6,80,75,19.57,light snow
678,Sisimiut,GL,66.9395,-53.6735,31.03,72,80,10.78,broken clouds
679,Vero Beach,US,27.6386,-80.3973,66.2,88,90,11.5,heavy intensity rain
680,Diamantina,BR,-18.2494,-43.6003,61.14,73,3,3.8,clear sky
681,Davidson,US,36.1501,-86.7833,73.4,24,1,19.57,clear sky
682,Spolaita,GR,38.6966,21.3464,50.0,81,0,1.81,clear sky
683,Staunton,US,38.1496,-79.0717,69.8,32,40,10.36,scattered clouds
684,Bilma,NE,18.6853,12.9164,84.06,8,12,9.95,few clouds
685,Balmedie,GB,57.2505,-2.0616,32.0,100,75,11.5,broken clouds
686,Kitimat,CA,54.0524,-128.6534,45.0,58,96,0.69,overcast clouds
687,Asau,RO,46.4333,26.4,42.01,44,1,3.47,light rain
688,Dnestrovsc,MD,46.6222,29.9133,42.8,56,0,6.71,clear sky
689,Nisia Floresta,BR,-6.0911,-35.2086,82.4,83,75,8.05,broken clouds
690,Hunchun,CN,42.8675,130.3581,44.98,81,100,2.59,overcast clouds
691,Mutis,CO,6.2262,-77.4044,81.27,78,79,4.76,broken clouds
692,Port Augusta,AU,-32.5,137.7667,55.4,67,100,5.75,overcast clouds
693,Acandi,CO,8.5063,-77.2778,81.7,82,100,5.23,overcast clouds
694,Maceio,BR,-9.6658,-35.7353,71.6,100,90,4.61,mist
695,Maragogi,BR,-9.0122,-35.2225,77.11,87,100,9.48,light rain
696,Los Llanos De Aridane,ES,28.6585,-17.9182,68.0,73,0,3.8,clear sky
697,Byron Bay,AU,-28.65,153.6167,57.2,58,75,8.05,broken clouds
698,Canavieiras,BR,-15.675,-38.9472,75.7,80,51,4.94,broken clouds
699,Yenagoa,NG,4.9247,6.2642,77.76,86,82,4.07,broken clouds
700,Remontnoye,RU,46.5614,43.6501,46.4,93,88,2.24,overcast clouds
701,Mundra,IN,22.85,69.7333,78.62,59,0,11.27,clear sky
702,Mogadishu,SO,2.0371,45.3438,81.75,71,99,13.87,overcast clouds
703,Palmer,US,42.1584,-72.3287,50.0,71,90,8.05,overcast clouds
704,Sovetskiy,RU,61.3614,63.5842,32.76,91,15,7.34,few clouds
705,Puri,IN,19.8,85.85,78.8,94,75,6.91,haze
